{
    "train_class_1_prop": [
        0.539375,
        0.5409375,
        0.540625,
        0.5403125
    ],
    "val_class_1_prop": [
        0.5409429280397022,
        0.5409429280397022,
        0.5409429280397022,
        0.5409429280397022
    ],
    "train_acc": [
        0.715625,
        0.8678125,
        0.910625,
        0.921875
    ],
    "val_acc": [
        0.8808933002481389,
        0.9106699751861043,
        0.8982630272952854,
        0.9181141439205955
    ],
    "train_f1": [
        0.7759724273756771,
        0.8831168831168831,
        0.9190260475651189,
        0.9282021826536474
    ],
    "val_f1": [
        0.8923766816143498,
        0.9196428571428571,
        0.9082774049217003,
        0.9212410501193317
    ],
    "train_auc": [
        0.8276324034882971,
        0.9508843563867201,
        0.9672481366825437,
        0.9760410639894528
    ],
    "val_auc": [
        0.9656177293248382,
        0.9726596827324097,
        0.9742893919570808,
        0.9754677050513594
    ],
    "train_loss": [
        0.5452992740273476,
        0.3143098528683186,
        0.24444128349423408,
        0.2168721505254507
    ],
    "val_loss": [
        0.30211239136182344,
        0.24252367993960014,
        0.23124761535571173,
        0.2331227998320873
    ],
    "best_threshold": [
        0.4653695225715637,
        0.31416431069374084,
        0.3943452537059784,
        0.44077837467193604
    ]
}