{
    "train_class_1_prop": [
        0.539375,
        0.54125,
        0.5425,
        0.5403125
    ],
    "val_class_1_prop": [
        0.5409429280397022,
        0.5409429280397022,
        0.5409429280397022,
        0.5409429280397022
    ],
    "train_acc": [
        0.685625,
        0.86375,
        0.8925,
        0.915
    ],
    "val_acc": [
        0.8635235732009926,
        0.858560794044665,
        0.913151364764268,
        0.9106699751861043
    ],
    "train_f1": [
        0.7533104462972045,
        0.8769751693002258,
        0.9034792368125703,
        0.9215233698788228
    ],
    "val_f1": [
        0.874141876430206,
        0.8789808917197454,
        0.9206349206349206,
        0.9170506912442395
    ],
    "train_auc": [
        0.7977459577212132,
        0.9431592262384614,
        0.9606829655701304,
        0.9708212779693944
    ],
    "val_auc": [
        0.9594208233500614,
        0.9687302838934642,
        0.9727902172880329,
        0.9738065816704148
    ],
    "train_loss": [
        0.5774064663052559,
        0.33878980211913584,
        0.27705313548445704,
        0.23805380322039127
    ],
    "val_loss": [
        0.3262929240098366,
        0.3024174553843645,
        0.23941548455220002,
        0.23588805760328585
    ],
    "best_threshold": [
        0.48739588260650635,
        0.41210588812828064,
        0.3561970591545105,
        0.4505276381969452
    ]
}