{
    "train_class_1_prop": [
        0.54125,
        0.54125,
        0.54125,
        0.54125
    ],
    "val_class_1_prop": [
        0.5409429280397022,
        0.5409429280397022,
        0.5409429280397022,
        0.5409429280397022
    ],
    "train_acc": [
        0.714375,
        0.8709375,
        0.90875,
        0.9203125
    ],
    "val_acc": [
        0.8957816377171216,
        0.9007444168734491,
        0.9081885856079405,
        0.9156327543424317
    ],
    "train_f1": [
        0.7668367346938775,
        0.8852459016393444,
        0.9168091168091168,
        0.9269131556319862
    ],
    "val_f1": [
        0.900473933649289,
        0.9099099099099099,
        0.9133489461358314,
        0.9227272727272726
    ],
    "train_auc": [
        0.828359611018877,
        0.9442973731486883,
        0.9674383838529675,
        0.973581211372752
    ],
    "val_auc": [
        0.9642727721688168,
        0.9753575162088792,
        0.9775907363815347,
        0.9773976379772893
    ],
    "train_loss": [
        0.545846581608057,
        0.3235662414133549,
        0.2513317991793156,
        0.22603558793663978
    ],
    "val_loss": [
        0.3068007127596782,
        0.23671876524503416,
        0.22382807960877052,
        0.2218609985250693
    ],
    "best_threshold": [
        0.48215043544769287,
        0.342650443315506,
        0.4609795808792114,
        0.41693389415740967
    ]
}