{
    "train_class_1_prop": [
        0.5425,
        0.541875,
        0.54125,
        0.54125
    ],
    "val_class_1_prop": [
        0.5409429280397022,
        0.5409429280397022,
        0.5409429280397022,
        0.5409429280397022
    ],
    "train_acc": [
        0.695,
        0.84875,
        0.8925,
        0.911875
    ],
    "val_acc": [
        0.8808933002481389,
        0.9081885856079405,
        0.913151364764268,
        0.9007444168734491
    ],
    "train_f1": [
        0.7557557557557557,
        0.8670329670329671,
        0.9012629161882894,
        0.920158550396376
    ],
    "val_f1": [
        0.8851674641148326,
        0.9125295508274233,
        0.9187935034802784,
        0.9099099099099099
    ],
    "train_auc": [
        0.8026492848777672,
        0.9348390499012488,
        0.9594839075100697,
        0.9700463785898432
    ],
    "val_auc": [
        0.9592241614890967,
        0.9721534056879065,
        0.973555181569798,
        0.9737507585393621
    ],
    "train_loss": [
        0.5750893133878708,
        0.35733344629406927,
        0.2802161580324173,
        0.23979931376874447
    ],
    "val_loss": [
        0.3329119968872804,
        0.2682681651069568,
        0.23751444541490996,
        0.23687549737783578
    ],
    "best_threshold": [
        0.49209752678871155,
        0.33330315351486206,
        0.4844275414943695,
        0.40804752707481384
    ]
}